                  epoch,         train/box_loss,         train/cls_loss,         train/dfl_loss,   metrics/precision(B),      metrics/recall(B),       metrics/mAP50(B),    metrics/mAP50-95(B),           val/box_loss,           val/cls_loss,           val/dfl_loss,                 lr/pg0,                 lr/pg1,                 lr/pg2
                      1,                 3.5022,                 3.6816,                 4.2736,                0.00902,                0.69697,                0.02062,                0.00666,                 3.5927,                 3.6075,                 4.1568,             0.00025005,             0.00025005,             0.00025005
                      2,                 3.2692,                 3.4154,                 4.0694,                0.00936,                 0.7177,                0.01858,                0.00704,                 3.6451,                 3.6582,                 4.1826,             0.00051165,             0.00051165,             0.00051165
                      3,                 3.1177,                 3.1989,                 3.8649,                0.01068,                0.70246,                0.01996,                0.00698,                 3.9828,                 3.9371,                 4.4282,             0.00076798,             0.00076798,             0.00076798
                      4,                 3.0001,                 3.1102,                  3.636,                0.01406,                0.68067,                0.02185,                0.00762,                 4.3523,                 4.2035,                 4.7225,               0.001019,               0.001019,               0.001019
                      5,                 2.7117,                 2.9653,                 3.4733,                 0.0124,                0.68341,                 0.0201,                0.00693,                 4.2998,                 4.0765,                 4.6433,             0.00030419,             0.00030419,             0.00030419
